label,sentence
-4,"['DbM7', 'AbM7', 'Fm', 'Adim', 'DbM7', 'AbM7', 'Fm', 'Fm', 'Dbadd9', 'Eb', 'Fm7', 'Ab/C', 'Dbadd9', 'Eb', 'Fm7', 'Ab', 'Dbadd9', 'Eb', 'Fm7', 'Ab/C', 'Dbadd9', 'Eb', 'Fm7', 'DbM7', 'Ebsus4', 'Ab/C', 'Db', 'DbM7', 'Ebsus4', 'Cm', 'Db', 'DbM7', 'Ebsus4', 'Ab/C', 'Db', 'DbM7', 'Ebsus4', 'Cm', 'Db', 'Bbm7', 'Db/Eb']"
5,"['E', 'B/D#', 'C#m7 ', 'B', 'E', 'B/D#', 'C#m7 ', 'D#7', 'C#m7', 'D#7', 'G#sus4', 'G#m', 'C#m7', 'D#7', 'G#sus4', 'G#m', 'C#m7', 'D#7', 'G#sus4', 'G#m', 'C#m7', 'D#7', 'G#m', 'C#m7', 'D#7', 'G#m', 'C#m7', 'D#7', 'G#m', 'C#m7', 'D#7', 'G#m', 'C#m7', 'D#7', 'G#m', 'C#m7', 'D#7', 'G#m', 'C#m7', 'D#7', 'G#m']"
-2,"['Em7', 'Bm7', 'CM7', 'Em7', 'Bm7', 'CM7', 'Em7', 'Bm7', 'CM7', 'Em7', 'Bm7', 'CM7', 'Gadd9', 'CM7', 'Gadd9', 'CM7', 'G', 'CM7', 'G', 'D/F#', 'Em', 'Bm', 'Am7', 'D7', 'D', 'G', 'CM7', 'G', 'G', 'D/F#', 'Em', 'Bm', 'Am7', 'D', 'D#dim', 'Em', 'Bm', 'C', 'G', 'D/F#', 'Em']"
-4,"['DbM7', 'Ab/C', 'Bbm7', 'AbM7', 'DbM7', 'Ab/C', 'Bbm7', 'Db/Eb', 'AbM7', 'DbM7', 'Ab/C', 'Bbm7', 'Db/Eb', 'AbM7', 'DbM7', 'Ab/C', 'Bbm7', 'Db/Eb', 'AbM7', 'Fm', 'Ebm7', 'DbM7', 'Ab/C', 'Bbm7', 'Db/Eb', 'AbM7', 'Fm', 'Ebm7', 'DbM7', 'Ab/C', 'Dbm7', 'Ebm7', 'Ebadd9', 'AbM7', 'Ab/C', 'Fm7', 'Ebm7', 'Ab7', 'DbM7', 'Ab/C', 'Bbm7']"
-2,"['EbM7', 'F', 'Gm', 'EbM7', 'F', 'Bb', 'D7', 'EbM7', 'Gbdim', 'Gm', 'F', 'Cm7', 'Cm7/F', 'EbM7', 'Dm7', 'Cm7', 'BbM7', 'EbM7', 'Dm7', 'Cm7', 'Cm7/F', 'BbM7', 'E9b5', 'EbM7', 'Dm7', 'Cm7', 'BbM7', 'Cm7', 'D7', 'EbM7', 'Cm7/F', 'G', 'CM7', 'Em7', 'Asus4', 'Am7', 'Dm7', 'Em7', 'F', 'G', 'Ab']"
-2,"['Bb', 'Bb', 'Bb', 'Bb', 'Bb', 'Gm', 'Bb', 'F7', 'Eb', 'Gm', 'F', 'Ab', 'Bb', 'Bb', 'Gm', 'Bb', 'F7', 'Eb', 'Gm', 'F', 'Ab', 'Bb', 'F7', 'Bb', 'D7', 'Gm', 'Cm7', 'F', 'Bb', 'D7', 'Gm', 'Eb', 'D7', 'Cm', 'D7', 'Gm', 'Cm', 'F', 'Bb', 'Eb', 'Bb']"
-1,"['BbM7', 'Am7', 'Gm7', 'Gm7/C', 'BbM7', 'Am7', 'Gm7', 'Bbm/C', 'Bbm/C', 'BbM7', 'BbｍM7', 'Am7', 'C/D', 'Dm', 'Gm7', 'A', 'Dm', 'Dbaug', 'F/C', 'Bm7-5', 'BbM7', 'BbｍM7', 'Am7', 'C/D', 'Dm', 'Gm7', 'Gm7/C', 'BbM7', 'BbM7', 'BbM9', 'Gm7', 'Gm7/C', 'Am7', 'Dm', 'Gm7', 'Gm7/C', 'Cm7', 'Eb/F', 'Bm7-5', 'Bb', 'Am7']"
5,"['E/F#', 'B/F#', 'Em/F#', 'B', 'E/F#', 'B/F#', 'C#m7', 'D#m7', 'EM7', 'D#m7', 'C#m7/F#', 'B', 'D#m7', 'F#m6', 'G#7', 'C#m7', 'Em7', 'B', 'G#m7', 'C#7', 'E/F#', 'F#7', 'B', 'D#m7', 'F#m6', 'G#7', 'C#m7', 'Em7', 'B', 'G#m7', 'C#7', 'F#7', 'B', 'B7', 'E', 'F#', 'D#m7', 'G#m', 'E', 'F#', 'F#m7']"
-2,"['Bb5', 'Bbm/Ab', 'GbM7', 'F7', 'Bb', 'Eb', 'F', 'Dm7', 'Eb', 'Gm7', 'Am7', 'Cm7', 'F', 'Bb', 'Csus4', 'C', 'F/C', 'A/C#', 'Dm', 'Eb', 'A7', 'D7sus4', 'D7', 'EbM7', 'F9', 'D/F#', 'Gm', 'Gm/F', 'Eb', 'F', 'Eb/F', 'Bb', 'D7', 'C9/E', 'D7/F#', 'EbM7', 'F9', 'D/F#', 'Gm', 'Fadd9', 'Eb']"
0,"['C', ' C', ' G/B', ' Am7', ' C/G', ' FM7 ', ' Em7', ' Dm7', ' Gaug', 'G', 'Ab', ' Am', ' C/G', ' FM7 ', ' Em7', ' Dm7', ' F/G', ' C', 'C', 'Dm', 'Ebm', ' Em7', ' Am', ' F', ' Fm', ' Em', ' Eb', ' Dm7', ' Gsus4', 'G', 'Am', 'Bm-5', ' C', ' Dm7 ', ' C/E', ' FM7 ', 'FmM7', 'G', ' C', ' Dm7 ', ' Em7']"
-6,"['F#M7', 'G#m7/C#', 'Ebm7', 'BM7', 'G#m7', 'G#m7/C#', 'F#M7', 'B', 'C#', 'F#', 'F#', 'Fm7-5', 'A#/D', 'D#m', 'C#m7', 'F#7', 'B', 'C#', 'D', 'E', 'F#', 'F', 'E', 'Eb', 'D', 'C#', 'B', 'C#', 'F#', 'F#/A#', 'B', 'C#', 'F#', 'F#/A#', 'B', 'C#/F', 'F#', 'F#/A#', 'B', 'C#', 'F#']"
5,"['E', 'Badd2/D#', 'C#m7', 'B/D#', 'E/F#', 'A7 ', 'B', 'F#7', 'D#m7', 'G#m7', 'E', 'F#7', 'B', 'B7', 'E', 'F#7', 'B', 'B/A', 'E', 'F#7', 'B', 'Em/B', 'C#/B', 'Em/B', 'B', 'A#m7-5', 'D#7', 'G#m7', 'F#m7', 'B7', 'E', 'Badd2/D#', 'C#m7', 'Badd2/D#', 'E', 'Badd2/D#', 'A', 'F#7sus4', 'F#7', 'B', 'A#m7-5']"
-4,"['Db', 'Eb', 'Cm', 'F', 'Db', 'Eb', 'C7/E', 'Fm', 'Db', 'Eb', 'Cm', 'F', 'Bbm7', 'Ebaug', 'Eb', 'Ab', 'Cm', 'Db', 'Dbm/E', 'Fm', 'Bb7', 'Db', 'Dbm/E', 'Gb', 'Ab', 'Cm', 'Db', 'Dbm/E', 'Fm', 'Bb7', 'Db', 'Bbm7/Eb', 'DbM7', 'Ab/C', 'Bbm7', 'Ab', 'DbM7', 'Ab/C', 'Bbm7', 'Ebaug', 'Ebaug']"
-6,"['G#m7', 'G#m7/C#', 'A#m7', 'D#m7', 'B', 'BmM7', 'A#m7', 'A', 'G#m7', 'A#m7', 'B', 'B/C#', 'Bm7', 'C#', 'F#M7', 'C#/F', 'E', 'D#', 'D', 'F#/C#', 'D', 'D/E', 'E', 'F#M7', 'Fm7-5', 'A#7', 'Ddim', 'D#m', 'D#m/C#', 'Cm7-5', 'C#sus4', 'C#/B', 'G#m7', 'G#m7/C#', 'B', 'A#m7', 'A6', 'G#m7', 'B/C#', 'C#dim', 'F#']"
2,"['D69', 'D69', 'A#aug', 'Bm7', 'C7', 'D69', 'A#aug', 'Bm7', 'C7', 'D69', 'A#aug', 'Bm7', 'Am7', 'D7', 'GM7', 'A#aug', 'Bm7', 'Am7', 'D7', 'GM7', 'F#m7', 'Bm7', 'Em7', 'G/A', 'DM7', 'F#7/C#', 'Bm7', 'Am7', 'D7', 'GM7', 'F#m7', 'Bm7', 'Em7', 'G/A', 'DM7', 'F#7/C#', 'Bm7', 'Am7', 'D7', 'GM7', 'F#m7']"
-2,"['Gm7', 'Bbadd9/D', 'Eb', 'F', 'Bb', 'Gm7', 'Bbadd9/D', 'Eb', 'F', 'Bb', 'Gm7', 'Bbadd9/D', 'Eb', 'F', 'Bb', 'Gm7', 'Bb/D', 'Eb6', 'F6', 'Bbadd9', 'Gm7', 'Bb/D', 'Ebadd9', 'Bb', 'Gm7', 'Bb/D', 'Ebadd9', 'Fsus4', 'Gm7', 'Bb/D', 'Ebadd9', 'Bb', 'Gm7', 'Bb/D', 'Eb6', 'F6', 'Bb', 'Gm7', 'Bb/D', 'Ebadd9', 'F']"
2,"['G7', 'Gm7', 'D', 'B7', 'G7', 'Gm7', 'D', 'B7', 'G7', 'Gm7', 'C7 ', 'B7 ', 'Bb7 ', 'A7 ', 'F#7/A#', 'Bm', 'A/C#', 'D', 'E', 'G', 'F#m', 'Em7', 'Em7/A', 'F#7/A#', 'Bm', 'A/C#', 'D', 'E', 'G', 'F#', 'Em7', 'Em7/A', 'F#7/A#', 'Bm', 'A/C#', 'D', 'E', 'G', 'F#m', 'Em7', 'Em7/A']"
0,"['C', 'C', 'C', 'G', 'G7', 'Am', 'F', 'G', 'Em', 'Am', 'Dm7', 'G', 'C', 'G', 'Am', 'Em', 'F', 'Fm', 'Gsus4', 'G', 'C', 'G', 'Am', 'G', 'F', 'Fm', 'C', 'A7', 'Dm7', 'D7', 'G', 'C', 'G', 'G7', 'Am', 'Fm', 'Em', 'Am7', 'Dm7', 'G', 'C']"
-1,"['F', 'Ebadd9', 'Dm', 'Dbaug', 'F', 'Ebadd9', 'Dm', 'Dbaug', 'F', 'Ebadd9', 'Dm', 'Dbaug', 'F', 'Ebadd9', 'Dm', 'Dbaug', 'F', 'Ebadd9', 'Dm', 'Dbaug', 'Am7', 'Dm7', 'Bb', 'C', 'F', 'Ebadd9', 'Dm', 'Dbaug', 'Am7', 'Dm7', 'Bb', 'C', 'F', 'Ebadd9', 'Dm', 'Dbaug', 'Am7', 'Dm7', 'Bb', 'C', 'F']"
-6,"['CbM7', 'Db/Cb', 'Bbm7', 'Adim7', 'Abm7', 'Abm7/Db', 'Gb', 'CbM7', 'CbM7', 'Bbm7', 'Adim7', 'Abm', 'Bbm', 'Cbm', 'Dbm7', 'Gb', 'Gb', 'Gb', 'Adim7', 'Abm7', 'E9sus4', 'Bbm7', 'Ebm7', 'Eadd ', 'Gb', 'Adim7', 'Abm7', 'E9sus4', 'Bbm7', 'Ebm7', 'Abm7', 'Gb/Bb', 'Cbm7', 'Db7sus4', 'Gb', 'Db', 'Gb', 'Gb', 'Db', 'CbM7', 'Db6']"
-6,"['B6', 'Bb7 ', 'Ebm7', 'Dbm7', 'Gb', 'B6', 'Bb7 ', 'Ebm7', 'Dbm7', 'Gb', 'B6', 'Bb7 ', 'Ebm7', 'Dbm7', 'Gb', 'B6', 'Bb7 ', 'Ebm7', 'B6', 'Db ', 'Ebm7', 'Bbm', 'B6', 'Db ', 'Ebm7', 'Bb7 ', 'B6', 'Db ', 'Ebm7', 'Bbm', 'B6', 'Db ', 'Ebm9', 'BM7', 'Bb7 ', 'Ebm9', 'Dbm6', 'BM7', 'Bb7 ', 'Ebm9', 'Ab7 ']"
-4,"['E', 'Gb', 'Ebm', 'Ab', 'Dm-5', 'Dbadd9', 'Abadd9/C', 'Bbm7', 'Ebm', 'Ab7sus4', 'Ab7', 'Dbadd9', 'Abadd9/C', 'Bbm7', 'Ebsus4', 'Eb', 'Ebsus4', 'E', 'Gb', 'Ab', 'C7', 'Db', 'Dbm/E', 'Fm', 'Db', 'Ab/C', 'Bbm7', 'Bbm7/Eb', 'Ab', 'C7', 'Db', 'Dbm/E', 'Fm', 'Db', 'Ab/C', 'Bbm7', 'Bbm7/Eb', 'Cm', 'Fm', 'Bbm7', 'Bbm7/Eb']"
-4,"['Ab/C', 'DbM7', 'Bbm7/Eb', 'Ab', 'Eb/G', 'Fm7', 'Ab/Eb', 'Db', 'Ab/C', 'Bbm7', 'Ebsus4', 'Eb', 'Ab', 'Eb/G', 'Fm7', 'Ebm7', 'Ab7 ', 'DbM7', 'Bb7/Eb', 'Dbm/Ab', 'Ab', 'Ebm7', 'Ab7 ', 'Ab7 ', 'DbM7 ', 'GbM7 ', 'Gm7-5', 'C7', 'F7', 'AbM7', 'Bb', 'Gm7-5', 'C7', 'Fm7', 'F7/A', 'Fm7/Bb', 'Fm7/Bb', 'Bb', 'AbM7/Bb', 'Bb7', 'EbM7 ']"
5,"['B', 'EM7', 'D#', 'G#m', 'C#m7', 'B/D#', 'Em ', 'B', 'D#m', 'EM7', 'D#', 'G#m', 'C#m7', 'E/F#', 'B', 'D#m', 'EM7', 'D#', 'G#m', 'G#m7', 'F#m9', 'AM7/B', 'B7', 'E', 'B/D#', 'C#m7', 'B', 'E', 'B/D#', 'C#m7', 'F#m7', 'B7', 'E', 'E/F#', 'F#', 'D#m', 'D#m/G#', 'G#m7', 'C#m7', 'C#m7/F#', 'F#m7']"
0,"['Am', 'Am', 'F', 'G', 'Am', 'F', 'G', 'F', 'Am', 'G', 'Am', 'F', 'Am', 'G', 'Am', 'G', 'C', 'F', 'G', 'C', 'C', 'F', 'G', 'C', 'C', 'F', 'G', 'C', 'C', 'F', 'G', 'C', 'Am', 'F', 'G', 'Am', 'F', 'G', 'F', 'Am', 'G']"
2,"['Dadd9', 'DM7', 'D', 'Dadd9', 'DM7', 'D', 'Dadd9', 'DM7', 'D', 'D', 'A/C#', 'Bm7', 'F#m', 'GM7', 'D/F#', 'GM7', 'A', 'D', 'A/C#', 'Bm', 'A', 'G', 'D/F#', 'G', 'Asus4', 'A', 'D', 'A/C#', 'Bm7', 'A', 'G', 'D/F#', 'G', 'Asus4', 'A', 'Bm7', 'F#m', 'G', 'A', 'D', 'A/C#']"
-3,"['Eb', 'Bb/D', 'Cm7', 'Gm/Bb', 'Ab', 'G7', 'Ab', 'Bb', 'Eb', 'Eb', 'Eb', 'Bb/D', 'Cm7', 'Bb', 'Ab', 'G7', 'Ab', 'Bb', 'AbM7', 'Gm', 'Cm7', 'Fm7', 'Bb7', 'AbM7', 'Gm7', 'Cm7', 'Fm7', 'Bb7', 'Eb', 'Bb/D', 'Cm7', 'Bb', 'Ab', 'G7', 'Cm7', 'Bb7', 'Eb', 'Bb/D', 'Cm7', 'Bb', 'Ab']"
-1,"['Csus4 ', 'Fsus4', 'F', 'C9sus4', 'C69sus4', 'Bb/D', 'D', 'Am ', 'Am', 'Bb', 'BbM7', 'Fsus4', 'F', 'Bb', 'BbM7', 'C', ' F', ' Dm', ' Bb', 'C', 'F', ' F', ' Dm', ' Bb', 'C', ' F', ' Dm7', ' BbM7', 'C', ' F ', 'Fsus4 ', 'F ', ' F', ' Dm7', ' Bb', ' C', ' Dm7', 'F', ' Bb', 'C7sus4', ' Dm7']"
0,"['Am', 'Em', 'Dm', 'Am', 'Em', 'Dm', 'Am', 'Em', 'Dm', 'Am', 'Em', 'Dm', 'Am', 'Em', 'Dm', 'Am', 'Em', 'Dm', 'Am', 'Em', 'Dm', 'Am', 'Em', 'Dm', 'Am', 'Em', 'Dm', 'Am', 'Em', 'Dm', 'Am', 'Em', 'Dm', 'Am', 'Em', 'Dm', 'G', 'C', 'G', 'E7', 'Am']"
-4,"['Ab', 'Eb', 'Db', 'C', 'Bbm7', 'Bbm7/Eb', 'Ab', 'Absus4', 'Ab', 'Ab', 'Eb', 'Db', 'Ab', 'Db', 'Ab', 'Bbm', 'Db/Eb', 'Eb', 'Ab', 'Eb', 'Db', 'Ab', 'Db', 'Ab', 'Bbm', 'Bbm7/Eb', 'Ab', 'Db/Eb', 'Ab', 'Cm7', 'Fm7', 'Ab/Eb', 'Dbadd9', 'Ab', 'Db/Ab', 'Ab', 'Cm7', 'C7/E', 'Fm7', 'Ab/Eb', 'Bb/D']"
-5,"['Ab', 'Dbadd9', 'Absus4', 'Bbm7', 'Dbadd9', 'Bbm7', 'Fm7', 'Gb', 'Ab', 'Dbadd9', 'Absus4', 'Db', 'Ab', 'Bbm7', 'Db', 'Bbm7', 'F7', 'Gb', 'Ab', 'Gb', 'Db', 'Gb', 'Db', 'Gb', 'Ab', 'Gb', 'Db', 'F7', 'Bbm', 'Gb', 'Ab', 'Db', 'Ab', 'F', 'Bbm', 'Gb', 'Ab', 'Db', 'Ab', 'F', 'Bbm']"
5,"['EM7', 'F#', 'G#m', 'EM7', 'F#', 'G#m', 'EM7', 'F#', 'G#m', 'EM7', 'F#', 'G#m', 'C#m', 'D#m', 'G#m', 'F#sus4', 'EM7', 'F#', 'D#/G', 'G#m', 'F#sus4', 'EM7', 'F#', 'D#/G', 'Eadd9', 'F#', 'G#m7', 'G#m/B', 'C#m7', 'Badd9', 'A#', 'D#', 'D#', 'EM7', 'F#', 'D#m7', 'G#m', 'B', 'EM7', 'F#/E', 'D#m7']"
-5,"['Db/F', 'Gb', 'Db/F', 'Gb', 'Db/F', 'Gb', 'Db/F', 'Gb', 'Db/F', 'Gb', 'Db/F', 'Gb', 'Db/F', 'Gb', 'Db', 'Db', 'Db/F', 'Gb', 'Db/F', 'Gb', 'Db/F', 'Gb', 'Db', 'Db', 'Gb', 'Db', 'Ebm7', 'Db', 'Gb', 'Db', 'Ebm7', 'Ab', 'Db', '(', 'Ab', 'Gb', 'Db', 'Cb', 'Gb', 'F', 'Eb']"
-3,"['AbM7', 'G7', 'Cm7', 'Eb7', 'Cm7', 'Bm7', 'Bbm7', 'AbM7', 'G7', 'Cm7', 'Eb7', 'AbM7', 'G7', 'Cm7', 'Eb7', 'AbM7', 'Bb6', 'Eb', 'Eb/G', 'AbM7', 'Bb6', 'Eb', 'G7', 'AbM7', 'G7', 'Cm7', 'Eb7', 'AbM7', 'G7', 'Cm7', 'Eb7', 'AbM7', 'G7', 'Cm7', 'Eb7', 'AbM7', 'G7', 'Cm7', 'Eb7', 'AbM7', 'G7']"
0,"['F#m7-5', 'F6', 'Em7', 'D#dim7', 'Dm7', 'G', 'C', 'Eb', 'Bb', 'B', 'C', 'Ab', 'G', 'C', 'C/E', 'F', 'F#dim', 'G7sus4', 'F/A', 'Bb', 'Bdim', 'C', 'C/E', 'F', 'F#dim', 'Ab', 'Bb', 'C', 'C', 'C/E', 'F', 'F#dim', 'G7sus4', 'F/A', 'Bb', 'Bdim', 'C', 'C/E', 'F', 'F#dim', 'Ab']"
2,"['Bm7', 'F#m7', 'GM9', 'DM7', 'Bm7', 'F#m7', 'GM9', 'DM7', 'Bm7', 'F#m7', 'GM9', 'DM7', 'Bm7', 'F#m7', 'GM9', 'DM7', 'Bm7', 'F#m7', 'GM9', 'DM7', 'Bm7', 'F#m7', 'GM9', 'DM7', 'Bm7', 'F#m7', 'GM9', 'DM7', 'Bm7', 'F#m7', 'GM9', 'DM7', 'Bm7', 'F#m7', 'GM9', 'A', 'DM7', 'DM7', 'Em7', 'F#m7', 'Gm7']"
-6,"['F#/A#', 'Bsus2', 'C#sus4', 'D#m', 'F#/A#', 'Bsus2', 'C#', 'F#', 'F#/A#', 'Bsus2', 'C#sus4', 'D#m', 'F#/A#', 'Bsus2', 'C#sus4', 'F#', 'B', 'C#', 'F#', 'C#/E#', 'D#m7', 'G#7', 'C#', 'F#/A#', 'Bsus2', 'C#', 'C##dim', 'D#m', 'G#m7', 'C#', 'F#', 'F#sus4', 'F#', 'F#/A#', 'Badd9', 'G#/B#', 'C#', 'A#', 'C##dim', 'D#m', 'G#m7']"
0,"['Am', 'Am', 'C', 'C', 'G', 'G#dim', 'Am7', 'Am7', 'FM7', 'G6', 'Am', 'Am', 'FM7', 'G6', 'Am', 'Am', 'FM7', 'G6', 'Am', 'Am', 'F', 'F', 'E7', 'FM7', 'G', 'Am', 'Am', 'Am/G', 'FM7', 'E7', 'Am', 'Am', 'Am/Bb', 'FM7', 'G', 'Am', 'Am', 'FM7', 'G', 'C', 'C']"
-2,"['Em7-5', 'EbM7', 'Am7', 'Abm7', 'G7', 'Gm7', 'Gm7', 'EbM7', 'Fsus4', 'F', 'Gm7', 'Gm7', 'EbM7', 'Fsus4', 'F', 'EbM7', 'Gm7', 'Gm7', 'Gm7', 'EbM7', 'Gm7', 'Gm7', 'Gm7', 'EbM7', 'Fsus4', 'Gm7', 'Gm7', 'Gm7', 'EbM7', 'Fsus4', 'Gm7', 'Gm7', 'Gm7', 'EbM7', 'Fsus4', 'EbM7', 'Bb/D', 'DbM7', 'Fsus4', 'Ebadd9', 'D7']"
2,"['D', 'A/C#', 'Bm7', 'F#m7', 'G', 'D', 'Em', 'A', 'D', 'A/C#', 'Bm7', 'F#m7', 'G', 'D', 'Em', 'A', 'D', 'A/C#', 'Bm7', 'F#m7', 'G', 'D', 'Em', 'A', 'D', 'G', 'A', 'F#m7', 'B7', 'Em', 'EmM7/D#', 'Em7/D', 'A13', 'A7', 'D', 'DM7', 'Bm7', 'D', 'G', 'F#7', 'Bm7']"
4,"['F#m7 ', 'B', 'Eadd9', 'Bsus4/D#', 'F#m7 ', 'E/G#', 'A', 'Bsus4', 'E', 'F#m7 ', 'B', 'Eadd9', 'Bsus4/D#', 'F#m7 ', 'E/G#', 'A', 'Bsus4', 'E', 'E', 'F#m7', 'G#m7', 'A', 'F#m7', 'G#m7', 'A', 'AM7 ', 'Bsus4', 'Bsus4', 'C#m7', 'AM7 ', 'Bsus4', 'E', 'C#m7', 'AM7 ', 'Bsus4', 'B', 'Esus4', 'E', 'Eadd9', 'E', 'C#m7']"
-6,"['Gb', 'Abm7 /Gb', 'Gb', 'Abm7 /Gb', 'Gb', 'Ab', 'Fm7', 'Bbm7', 'Ebm', 'Cb', 'Abm', 'Abm7/Db', 'Dbsus4', 'Gb', 'Ab', 'Fm7', 'Bbm7', 'Ebm', 'Cb', 'Abm', 'Abm7/Db', 'Bbm', 'Bb7', 'Ebm', 'Cb', 'Ebm', 'Cb', 'Cb', 'Abm', 'Bbm', 'Ebm', 'B', 'Cb', 'Gb/Bb', 'Abm', 'Abm7/Db', 'Db7sus4', 'Db7', 'Gb', 'Abm7 /Gb', 'Gb']"
4,"['E', 'F#m7', 'E/G#', 'G#7', 'C#m7', 'F#m7', 'B', 'Esus4', 'E', 'E', 'F#m7', 'E/G#', 'G#7', 'C#m7', 'F#m7', 'B', 'E', 'Esus4/B', 'E', 'F#m7', 'E/G#', 'G#7', 'C#m7', 'F#m7', 'B', 'Esus4', 'E', 'E', 'B/D#', 'C#m7', 'G#m7', 'F#m7', 'F#m7/B', 'E', 'AM7', 'G#7', 'C#m7', 'F#m7', 'E/G#', 'A', 'F#m7/B']"
5,"['EM7', 'F#sus4', 'B/D#', 'G#m7', 'C#m7', 'F#', 'Em6', 'B', 'G#m7/C#', 'D#m7', 'EM9', 'EM7/F#', 'F#/G#', 'G#m7/C#', 'D#m7', 'EM9', 'EM7/F#', 'F#/G#', 'G#m7/C#', 'D#m7', 'EM7/F#', 'F#/G#', 'EM7', 'D#m7', 'C#m7', 'D#m7', 'G#m7', 'G#m7/C#', 'D#m7', 'EM7', 'EM7/F#', 'F#/G#', 'G#m7/C#', 'D#m7', 'EM9', 'EM7/F#', 'F#/G#', 'G#m7/C#', 'D#m7', 'EM7', 'EM7/F#']"
1,"['CM7', 'GM7', 'B7', 'Em9', 'C#7omit5/Eb', 'Am7/D', 'C#m7-5', 'Cm7', 'D', 'CM7', 'GM7', 'B7', 'Em9', 'C#7omit5/Eb', 'Am7/D', 'C#m7-5', 'Cm7', 'D', 'Am7', 'Bm7', 'Em9', 'Am7', 'B7 ', 'E7', 'Am7', 'D#dim7', 'Em7', 'D#m7', 'Dm7', 'G', 'Am7', 'D7 ', 'GM7', 'G6add9', 'CM7', 'D7', 'Em9', 'GM7', 'CM7', 'B7 ', 'Bm7/E']"
-2,"['Bb', 'F ', 'Ebadd9', 'Bb', 'F/A', 'Gm', 'Dm7', 'Ebadd9', 'Bb', 'F/A', 'Ebadd9', 'Bb', 'F/A', 'Gm', 'Dm7', 'Ebadd9', 'F', 'Bb', 'F/A', 'Ebadd9', 'Bb', 'F/A', 'Gm', 'Dm7', 'Ebadd9', 'F', 'Bb', 'F/Eb', 'Bb/D', 'Gm7', 'Csus4', 'C/E', 'Fsus4', 'F', 'Bb', 'Ebadd9', 'F', 'Gbdim', 'Gm', 'Fm7', 'Bb']"
3,"['F#m7', 'D69', 'Aadd9', 'F#m7', 'D69', 'Aadd9', 'AM9', 'F#m7', 'D69', 'AM9', 'Aadd9', 'AM9', 'F#m7', 'D69', 'AM9', 'Aadd9', 'AM9', 'F#m7', 'D69', 'AM9', 'Aadd9', 'AM9', 'F#m7', 'D69', 'AM9', 'Aadd9', 'AM9', 'F#m7', 'D69', 'AM9', 'Aadd9', 'AM9', 'F#m7', 'D69', 'AM9', 'Aadd9', 'AM9', 'F#m7', 'D69', 'AM9', 'Aadd9']"
-2,"['Gm', 'Dm/F', 'EbM7', 'F', 'Bb', 'Gm', 'Dm7', 'Eb', 'F', 'Gm', 'Gm', 'G', 'Gm', 'F', 'EbM7', 'Cm', 'Dm', 'Eb', 'F', 'Gm', 'F', 'EbM7', 'Cm', 'Dm', 'Eb', 'D5', 'Gm', 'Gm', 'Dm/F', 'Eb', 'F', 'A#', 'F/A', 'Gm', 'Dm/F', 'Eb', 'F', 'Gm', 'Eb', 'F', 'Gm']"
-2,"['Bb', 'Bb/D', 'Eb', 'F', 'Bb', 'Bb/D', 'Eb', 'F', 'Bb', 'Bb', 'Eb', 'F', 'Bb', 'Bb/D', 'Eb', 'F', 'Bb', 'Bb/D', 'Eb', 'F', 'Bb', 'Bb/D', 'Eb', 'F', 'F', 'Bb', 'Bb/D', 'Eb', 'F', 'Bb', 'Bb/D', 'F', 'Eb', 'Dm', 'Eb', 'F/C', 'Bb', 'F/A', 'Gm', 'F', 'Eb']"
3,"['A/C#', 'D6', 'A/E', 'Fdim7', 'C#m7/F#', 'D#m7-5', 'D6', 'C#m7', 'C#m7/F#', 'Gadd9', 'Esus4', 'E', 'A', 'G#dim', 'F#m', 'E', 'D', 'Dm', 'Em', 'F#', 'Bm', 'C#m', 'D', 'D', 'E', 'F#m7', 'Bm7', 'Bm7/E', 'A', 'F', 'G', 'A', 'G', 'F#m', 'F', 'D', 'E', 'A', 'G', 'F#m', 'F']"
-4,"['Db', 'Eb', 'Ab', 'Fm', 'Db', 'Eb', 'Ab', 'Ab', 'Ab', 'Cm', 'Fm', 'Bb7', 'Db', 'Eb', 'Ab', 'Cm', 'Fm', 'Bb7', 'Db', 'Eb', 'Ab', 'Ab', 'Db', 'Eb', 'Ab', 'Fm', 'Db', 'Eb', 'Ab', 'Db', 'Eb', 'Ab', 'Fm', 'Bbm', 'C7', 'Fm', 'Db', 'Eb', 'Ab', 'Fm', 'Db']"
2,"['D', 'G', 'Asus4', 'Bm7', 'D/F#', 'G', 'Asus4', 'D', 'D', 'G', 'Asus4/B', 'C#', 'D', 'BbM7', 'C', 'D', 'G', 'A7sus4', 'Bm7', 'D/F#', 'G', 'Asus4', 'D', 'D', 'G', 'Asus4/B', 'C#', 'D', 'BbM7', 'C', 'D', 'G/D', 'D', 'A/C#', 'Bm', 'A', 'G', 'D/F#', 'G', 'A', 'D']"
3,"['A', 'Aaug/D#', 'DM7', 'G', 'G', 'G#', 'A', 'Aaug/D#', 'DM7', 'DM7', 'A', 'Aaug/D#', 'DM7', 'G', 'G', 'G#', 'A', 'Aaug/D#', 'DM7', 'DM7', 'D6', 'A', 'Aaug/D#', 'DM7', 'Bm7', 'Bm9/E', 'D/E', 'A', 'Aaug/D#', 'DM7', 'Bm7', 'Bm9/E', 'D/E', 'C#m7', 'Bm7', 'D', 'A', 'Bm7', 'C#m7', 'D', 'E']"
4,"['E', 'B/D#', 'C#m7', 'E/B', 'A', 'E/G#', 'F#m7', 'B', 'E', 'E', 'E/B', 'E', 'B/D#', 'C#m7', 'E/B', 'A', 'E/G#', 'F#m7', 'A/B', 'E', 'B/D#', 'C#m7', 'E/B', 'A', 'E/G#', 'F#m7', 'B7', 'E', 'A/E', 'E', 'E/G#', 'Aadd9', 'B', 'Cdim', 'C#m', ' /B', 'E/G#', 'Aadd9', 'B', 'C#m7', 'B/D#']"
-5,"['C#', 'C#', 'C#', 'C#', 'F#M7', 'F#M7', 'F#M7', 'F#M7', 'C#', 'C#', 'C#', 'C#', 'F#M7', 'F#M7', 'F#M7', 'F#M7', 'G#', 'F#', 'C#', 'A#m7', 'G#', 'F#', 'C#', 'A#m7', 'G#', 'F#', 'C#/F', 'F#', 'G#', 'D#m', 'C#/F', 'F#', 'C#/G#', 'A#m7', 'C#/F', 'F#', 'A#m7', 'G#', 'C#/F', 'F#', 'D#m']"
3,"['A', 'Dm/A', 'A', 'D/A', 'E/A', 'A', 'Dm/A', 'A', 'D/A', 'E/A', 'D/E', 'A', 'C#m7', 'D', 'C#m', 'Bm', 'G', 'F#m', 'E', 'A', 'C#m7', 'D', 'E', 'A', 'Dm/A', 'A', 'D/A', 'E/A', 'A', 'Dm/A', 'A', 'D/A', 'E/A', 'A', 'C#m7', 'Bm7', 'G9', 'Bm7', 'E7sus4', 'A', 'C#m7']"
-5,"['Gb', 'Db', 'Ab', 'Bbm7', 'Gb', 'Db', 'Ab/F', 'Adim', 'Bbm7', 'Gb', 'Db', 'Ab/F', 'Adim', 'Bbm7', 'Gb', 'Db', 'Ab', 'Dbsus4/Gb', 'Dbsus4/Gb', 'Gb', 'Db', 'Ab', 'Bbm7', 'Gb', 'Db', 'Ab/F', 'Adim', 'Bbm7', 'Gb', 'Db', 'Ab/F', 'Adim', 'Bbm7', 'Gbadd9', 'Db', 'Ab', 'Db', 'Dbsus4/Ab', 'Db', 'Ebm7', 'Db/F']"
0,"['FM7', 'FM7', 'Em7', 'Am', 'FM7', 'G/F', 'Em7', 'Am', 'Am/G', 'F#m7-5', 'F#m7-5', 'G7sus4', 'G7', 'Dm7/G', ' ↓', 'G7sus4', 'C', 'Am', 'F', 'G', 'Em7', 'Am', 'F', 'G', 'C', 'Am', 'F', 'G', 'Em7', 'Am', 'F', 'G', 'C', 'F', 'Fm', 'C/E', 'Am', 'Am/G', 'D7/F#', 'G', 'Am']"
-6,"['Bsus2', 'F#M7/A#', 'G#m7 ', 'F#', 'Bsus2', 'F#M7/A#', 'G#m7 ', 'F#', 'Bsus2', 'F#M7/A#', 'G#m7', 'F#', 'Bsus2', 'F#M7/A#', 'G#m7', 'F#', 'Bsus2', 'F#M7/A#', 'C#', 'D#m7', 'Bsus2', 'F#M7/A#', 'Bsus2/C#', 'F#', 'Bsus2', 'F#M7/A#', 'C#', 'D#m7', 'Bsus2', 'F#M7/A#', 'D#m7', 'C#', 'B', 'F#/A#', 'G#m', 'F#', 'B', 'F#/A#', 'G#m', 'F#', 'F#/G#']"
-3,"['Cm', 'Fm', 'Bb', 'Eb', 'Cm', 'Fm', 'Gm', 'Ab', 'Cm', 'Fm', 'Bb', 'Eb', 'Cm', 'Fm', 'Bb', 'Cm', 'Bb', 'Eb', 'Bb', 'Cm', 'Bb6', 'AbM7', 'Bbsus4', 'Bb', 'Ebsus4', 'Cm', 'Dm7-5 ', 'Dm7/G', 'G', 'Eb', 'Bb', 'Cm', 'Bb6', 'AbM7', 'Bbsus4', 'Bb', 'Ebsus4', 'Cm', 'Dm7-5 ', 'Dm7/G', 'G']"
1,"['G', 'G', 'A', 'B', 'B', 'F#', 'Em', 'Em', 'D', 'C', 'C', 'B', 'G', 'B', 'Em', 'C', 'G', 'B', 'Em', 'C', 'G', 'B7', 'Em7', 'C', 'Cm', 'G', 'B7', 'Em7', 'C', 'Cm', 'G', 'B7', 'Em7 ', 'C', 'Cm', 'G', 'B7', 'Em7', 'C', 'G', 'B7']"
-3,"['Eb', 'AbM9', 'Eb', 'AbM9', 'Cm7/Bb', 'Eb', 'Eb/D', 'Gm7', 'Ab', 'Ab/G', 'Fm', 'Bb', 'Bb/Ab', 'Gm7', 'AbM7', 'Bb7', 'Eb', 'Eb/D', 'Gm7', 'Ab', 'Ab/G', 'Fm', 'Bb', 'Bb/Ab', 'Gm7', 'AbM7', 'Bb7', 'Eb', 'Gm7', 'Cm7', 'Gm7', 'Bbm7', 'AbM7', 'Gm7', 'AbM7', 'Ab/Bb', 'Bb7', 'Ab/Bb', 'Bb', 'Eb', 'Eb/D']"
-3,"['N.C', 'Cm7', 'F9', 'Bb7 ', 'Eb', 'Cm7', 'F9', 'Bb7 ', 'Eb', 'Cm7', 'F9', 'Bb7 ', 'Eb', 'Cm7', 'F9', 'Bb7 ', 'Eb', 'Fm9', 'Ab/Bb', 'EbM7', 'Gb9', 'Fm9', 'Ab/Bb', 'EbM7', 'EbM7', 'Gb9', 'Fm9', 'Ab/Bb', 'EbM7', 'Gb9', 'Fm9', 'Ab/Bb', 'EM7', 'EM7 ', 'Fm9', 'Bb7', 'EbM7', 'AbM7', 'Dm7-5', 'G7', 'Cm7']"
-1,"['BbM7', 'A7 ', 'Am7', 'Dm7', 'Gm7', 'C9', 'F', 'Bb/F', 'F', 'Eb/F', 'Bb/F', 'F', 'Bb/F', 'F', 'Eb/F', 'Bb/F', 'Gm7', 'FM9', 'Gm7', 'FM9', 'Gm7', 'A7 ', 'Dm7', 'BbM7', 'F/A', 'Gm7', 'Gm7/C', 'Gm7', 'A7', 'Dm7', 'BbM7', 'F/A', 'Gm7', 'Gm7/C', 'BbM7', 'Am7', 'A7', 'Dm', 'Dbaug', 'Dm7/C', 'Bm7-5']"
-1,"['F', 'Em7-5', 'A7', 'Dm7', 'Bm7-5', 'Gm7', 'C7 ', 'F/Eb', 'Bb/D', 'Db6', 'F/C', 'Bm7-5', 'E7', 'Am7', 'D7 ', 'Gm7', 'C7 ', 'DbM9', 'FM9', 'DbM9', 'FM9', 'Cm6', 'Faug/B', 'BbM9', 'Bbm7/Eb', 'Dm9', 'G9', 'Bm7', 'E7', 'G#m7-5/F#', 'F#', 'Abaug/D', 'DbM7', 'BbmM7', 'Eb7', 'Ebaug/A', 'AbM7', 'Fm7', 'Bb6', 'Bbm7 ', 'Gm7-5']"
-4,"['Bbm', 'Eb/G', 'Ab', 'Fm', 'Bbm', 'Eb/G', 'Ab', 'Ab7/Eb', 'Bbm', 'Eb/G', 'Ab', 'Fm', 'Bbm', 'Eb/G', 'Fm7', 'Eb', 'Fm7', 'Ab', 'Fm7', 'Eb', 'Fm7', 'Ab', 'Fm7', 'Eb', 'Fm7', 'Ab', 'Fm7', 'Eb', 'Fm7', 'Fm7', 'Bb7 /F', 'Bbm7', 'Ab6', 'Bbm7', 'Ab6', 'Fm7', 'Bb7 /F', 'Bbm7', 'Ab6', 'Bbm7', 'Ab6']"
-1,"['Bbadd9', 'F/C', 'Dm7', 'F/A', 'Bbadd9', 'F/C', 'Dm7', 'Bbadd9', 'F/C', 'Dm7', 'F/A', 'Bbadd9', 'F/C', 'Dm7', 'Bbadd9', 'F/C', 'Dm7', 'F/A', 'Bbadd9', 'F/C', 'Dm7', 'Bbadd9', 'F/C', 'Dm7', 'F/A', 'Bbadd9', 'F/C', 'Dm7', 'Gm7 ', 'F/A', 'Bbadd9', 'Gm7 ', 'F/A', 'Bbadd9', 'Dm7', 'Bbadd9', 'Csus4', 'F', 'F', 'Bb', 'Csus4']"
3,"['Aadd9/C#', 'D', 'Esus4', 'F#m', 'Aadd9/C#', 'D', 'E', 'D/E', 'E', 'DM7', 'A/E', 'F#m', 'A/C#', 'DM7', 'A/E', 'C#/F', 'F#m', 'B', 'A/E', 'Dm', 'A', 'D/A', 'A', 'E/A', 'A', 'Dm/A', 'A', 'A', 'Esus4', 'DM7', 'A', 'E/G#', 'F#m7', 'B', 'D', 'E', 'A', 'E', 'Fdim', 'F#m', 'F#m7/E']"
-1,"['BbM7', 'A7sus4', 'Dm9', 'C', 'BbM7', 'C6', 'F69', 'BbM7', 'A7sus4', 'Dm9', 'C6', 'BbM7', 'Gm7/C', 'FM9', 'Cm7/F', 'BbM7', 'A7sus4', 'Dm9', 'C6', 'BbM7', 'Gm7/C', 'F', 'Cm7/F', 'BbM9', 'A7sus4', 'Dm9', 'C6', 'BbM7', 'Gm7/C', 'FM7', 'Cm7/F', 'BbM9', 'A7sus4', 'Dm9', 'C6', 'BbM7', 'Gm7/C', 'FM7', 'Cm7/F', 'BbM7', 'A7sus4']"
-1,"['F', 'F', 'F', 'A7', 'Dm', 'Bb', 'C', 'F', 'A7', 'Dm', 'DmM7/C#', 'Dm7/C', 'Dm6/B', 'Bb', 'C', 'F', 'A7', 'Dm', 'DmM7/C#', 'Dm7/C', 'Dm6/B', 'Bb', 'Bbm', 'F', 'F', 'F', 'A7', 'Dm', 'DmM7/C#', 'Dm7/C', 'Dm6/B', 'Bb', 'C', 'F', 'A7', 'Dm', 'DmM7/C#', 'Dm7/C', 'Dm6/B', 'Bb', 'Bbm']"
-6,"['F#/A#', 'B', 'C#sus4', 'C#', 'D#m', 'F#/A#', 'B', 'F#/C#', 'C#sus4', 'F#/A#', 'B', 'C#sus4', 'C#', 'D#m', 'F#/A#', 'B', 'F#/C#', 'C#sus4', 'F#/A#', 'B', 'C#sus4', 'C#', 'D#m', 'F#/A#', 'B', 'F#/C#', 'C#sus4', 'F#/A#', 'B', 'C#sus4', 'C#', 'D#m', 'F#/A#', 'B', 'F#/C#', 'C#sus4', 'C#sus4', 'F#', 'C#/F', 'D#m', 'D#m/C#']"
-3,"['AbM9', 'Bb69', 'Cm', 'EbM7', 'AbM9', 'Bb69', 'Cm', 'Eb/Bb', 'AbM9', 'Bb69', 'Cm', 'EbM7', 'AbM9', 'Bb69', 'Cm', 'Cm', 'AbM9', 'Bb69', 'Cm', 'EbM7', 'AbM9', 'Bb69', 'Cm', 'EbM7', 'AbM9', 'Bb69', 'Cm', 'EbM7', 'AbM9', 'Bb69', 'Cm', 'EbM7', 'AbM9', 'Bb69', 'Cm', 'EbM7', 'AbM9', 'Bb69', 'Cm', 'EbM7', 'AbM9']"
-6,"['Ebmadd9', 'CbM7', 'Bbm7', 'CbM7', 'Db6', 'Ebmadd9', 'Ebm', 'Bbm7/Db', 'CbM7', 'Gb/Bb', 'Abm7', 'Ebm/Gb', 'F7', 'Bb7', 'Ebm', 'Bbm7/Db', 'CbM7', 'Gb/Bb', 'Abm7', 'Ebm', 'Abm7', 'Bb7', 'Ebm', 'Gb', 'Db/F', 'Ebm', 'Bbm/Db', 'Cb', 'Db/Cb', 'Gb/Bb', 'Abm', 'Fm7/Bb', 'Bb7', 'Ebm', 'CbM7', 'Db', 'Gb', 'Bb7/F', 'Ebm', 'CbM7', 'Db']"
3,"['Bm7', 'E7 ', 'A7', 'Bm7 ', 'D/E', 'Eaug/Bb', 'AM7 ', 'CM7', 'F#M7-5/G#', 'Bm7 ', 'D/E', 'E7 /B', 'Aadd9/C#', 'C7 ', 'Bm7', 'BbM7', 'A7', 'A7 ', 'B7', 'Dm7 ', 'G7 ', 'A7 ', 'C6 ', 'B7', 'BbM7', 'A7 ', 'C7 ', 'B7', 'Dm7', 'Aadd9/C#', 'F#7 ', 'GM7 ', 'BbM7/D#', 'Eaug/Bb', 'Aadd9', 'B7', 'Dm7 ', 'G7 ', 'Aadd9', 'C6 ', 'B7']"
4,"['E', 'E/B', 'A', 'E/G#', 'F#m7', 'F#m7/B', 'B7', 'E', 'EM7', 'A', 'Am', 'C#m', 'B', 'A#m7-5', 'A', 'G#m7', 'F#m7', 'F#m7//B', 'B7', 'F#m7/B', 'B7', 'E', 'EM7', 'A', 'Am', 'C#m', 'B', 'A#m7-5', 'A', 'G#m7', 'F#m7', 'F#m7/B', 'B7', 'E', 'G#m7', 'A', 'B/A', 'G#m7', 'C#7', 'F#m', 'F#mM7']"
-3,"['C', 'Bb', 'Ab', 'G', 'Fm7', 'Fm7/Bb', 'Bb7 ', 'EbM9', 'Gm/C', 'C7', 'Fm7', 'Fm7/Bb', 'Bb7 ', 'EbM9', 'Gm7/C', 'C7 ', 'Fm7', 'Fm7/Bb', 'Bb7 ', 'EbM9', 'Gm7/C', 'C7', 'Fm7', 'Fm7/Bb', 'Bb7 ', 'EbM9', 'Gm7/C', 'C7', 'Fm7', 'Fm7/Bb', 'Bb7 ', 'EbM9', 'A7b5', 'AbM7', 'Eb/G', 'Fm7', 'G ', 'G', 'Gm7/C', 'C7', 'C']"
4,"['D6', 'F#m/C#', 'CM7', 'E/B', 'A#m7-5', 'AM7 ', 'AM7 ', 'AM7 ', 'AM7 ', 'E/G#', 'E/G#', 'E/G#', 'E/G#', 'F#m7 ', 'F#m7 ', 'AM7 ', 'E/G#', 'F#m7', 'E', 'AM7 ', 'E/G#', 'C#m7', 'DM7 ', 'AM7 ', 'E/G#', 'F#m7', 'G#aug', 'C#m7', 'E/B', 'E', 'AM7 ', 'E/G#', 'F#m7', 'F#m7/B', 'Eadd9', 'AM7 ', 'AM7 ', 'AM7 ', ' )', 'AM7 ', 'E/G#']"
-5,"['Bbm', 'Bbm/F', 'Ebm7', 'Ebm7/Bb', 'Ab', 'Ab/Eb', 'Db', 'Db/Ab', 'Bbm', 'Bbm/F', 'Ebm7', 'Ebm7/Bb', 'Gb', 'Ab', 'Db', 'Bbm', 'Bbm/F', 'Ebm7', 'Ebm7/Bb', 'Ab', 'Ab/Eb', 'Db', 'Db/Ab', 'Bbm', 'Bbm/F', 'Ebm7', 'Ebm7/Bb', 'Gb', 'Ab', 'Db', 'Fm', 'Gb', 'Ab', 'Bbm', 'Fm', 'Gb', 'Ab', 'Ab', 'Adim', 'Adim', 'F7']"
0,"['Dm7', 'G', 'C', 'Am7', 'Dm7', 'G', 'C', 'C7', 'F', 'F/G', 'CM7', 'Am7', 'D7', 'G', 'Dm7', 'G', 'Am7', 'Dm7', 'G', 'C', 'C7', 'F', 'F/G', 'CM7', 'Am7', 'D7', 'G', 'Dm7', 'G', 'Am7', 'Dm7', 'G7', 'C', 'C7', 'F', 'G7/F', 'Em7', 'Am7', 'F', 'G7/F', 'Em7']"
-5,"['A#m7', 'F#add9', 'C#', 'G#', 'A#m7', 'F#add9', 'C#', 'G#', 'A#m7', 'F#add9', 'C#', 'G#', 'A#m7', 'F#add9', 'C#', 'G#', 'A#m7', 'F#add9', 'C#', 'G#', 'A#m7', 'F#add9', 'F#add9', 'G#', 'C#', 'G#', 'Adim', 'A#m7', 'C#/F', 'F#add9', 'F#add9', 'G#sus4', 'G#sus4', 'C#', 'C#', 'C#', '(', 'C#', 'G#', ')', 'F#M7']"
1,"['CM7', 'D', 'Eb', 'F', 'D7', 'G', 'F/G', 'Em/G', 'F/G', 'G', 'F/G', 'Eb', 'F', 'CM7', 'D', 'Bm7', 'Em', 'Am7', 'D', 'Esus4', 'E', 'CM7', 'D', 'Bm7', 'Em7-5/Bb', 'Am7', 'Eb', 'F', 'G', 'Am', 'G/B', 'B/D#', 'Em', 'A7/C#', 'Am7', 'Am7/D', 'G', 'C/D', 'G', 'CM7', 'C/D']"
1,"['C/E', 'F6', 'FM7 /G', 'FM7 ', 'F#M7 ', 'FM7 /G', 'C/E', 'F6', 'FM7 /G', 'FM7 ', 'F#M7 ', 'FM7 /G', 'CM7', 'Bm7', 'Am7', 'Bm7', 'Em7', 'CM7', 'Bm7', 'Am7', 'Bm7', 'Em7', 'CM7', 'Dm7', 'Dm7/G', 'CM7', 'G/B', 'A7', 'Am7/D', 'CM7', 'Bm7', 'Am7', 'Bm7', 'Em7', 'CM7', 'Bm7', 'Am7', 'Bm7', 'Em7', 'CM7', 'Dm7']"
-1,"['Dm7', 'Bbadd9', 'Csus4', 'F', 'Dm7', 'Bbadd9', 'Csus4', 'Aaug7', 'Dm7', 'Bbadd9', 'Csus4', 'F', 'Dm7', 'Bbadd9', 'Csus4', 'F', 'Dm7', 'Bbadd9', 'Csus4', 'F', 'Dm7', 'Bbadd9', 'Csus4', 'F', 'Dm7', 'Bbadd9', 'Csus4', 'F', 'Dm7', 'Bbadd9', 'Csus4', 'F', 'Dm7', 'Bbadd9', 'Csus4', 'F', 'Dm7', 'Bbadd9', 'Csus4', 'F', 'Dm7']"
4,"['Aadd9', 'B7', 'C#m7', 'G#m7', 'Aadd9', 'B7', 'C#m7', 'G#m7', 'Aadd9', 'B7', 'C#m7', 'G#m7', 'Aadd9', 'B7', 'C#m7', 'A', 'G#7', 'C#m7 ', 'G#m7', 'A', 'G#7', 'C#m7 ', 'G#m7', 'A', 'G#7', 'C#m7 ', 'G#m7', 'A', 'G#7', 'C#m7 ', 'A', 'Cdim7', 'C#m7', 'E7', 'A', 'Cdim7', 'C#m7', 'E7', 'A', 'Cdim7', 'C#m7']"
3,"['Bm7', 'Eaug7 ', 'A7', 'Bm7 ', 'E7sus4 ', 'Caug/Bb', 'AM7', 'CM7 ', 'Bbsus2/G', 'Bm7 ', 'D ', 'Eaug7/B', 'A/C#', 'C7', 'Bm7', 'BbaugM7', 'A7', 'A7 ', 'B7', 'D7sus4 ', 'Em /G', 'G7 ', 'Bm7', ' )', 'A7 ', 'C6 ', 'B7', 'BbM7', 'Bb6', 'BbM7', 'A7 ', 'C6 ', 'B7', 'Dm7', ' /C#)', 'A /C#', 'F#aug7 ', 'G6 ', 'BbM7/Eb', 'Caug/Bb', 'A7 ']"
-2,"['Bb', 'Dm', 'Eb', 'C', 'F7', 'F', 'Bb', 'Dm', 'Eb', 'C', 'Bb', 'C', 'F', 'Eb', 'Bb7', 'Eb', 'F7', 'C', 'F', 'Bb', 'F', 'Gm', 'F', 'Eb', 'Ebm7/Ab', 'F', 'Bb', 'F', 'Gm', 'F', 'Eb', 'Ebm7/Ab', 'F', 'Bb', 'F', 'Bb', 'Bb', 'Dm', 'Eb', 'C', 'F7']"
3,"['F#m7 ', 'E6 ', 'F#m7 ', 'E6 ', 'DM7', 'C#m7', 'CM7', 'Bm7', 'Bm7/E', 'G#m7/C#', 'C#', 'DM7', 'C#7 ', 'C#7 ', 'F#m7', 'Em7', 'A13', 'DM7 ', 'C#7 ', 'C#7 ', 'F#m', 'E/F#', 'F#m', 'DM7', 'C#7 ', 'C#7 ', 'F#m7', 'Em7', 'A13', 'DM7 ', 'C#7 ', 'C#7 ', 'F#m', 'E/F#', 'F#m', 'F#m7 ', 'Bm7 ', 'Bm7/E', 'E7', 'AM7 ', 'G#7sus4']"
1,"['G', 'C#dim/G', 'Cm/G', 'G', 'C', 'D7/C', 'Bm', 'Gm6/Bb', 'Am', 'C#dim', 'Dsus4', 'D', 'Daug/Ab', 'G', 'C#m7-5', 'C', 'F7', 'Ab7', 'G', 'C#m7-5', 'C', 'Baug/F', 'G', 'C#dim', 'C', 'D7/C', 'Bm7', 'E7 ', 'Am', 'D', 'Bm', 'E', 'Am7', 'Am7/D', 'Gsus4', 'G', 'G#dim7', 'Am7', 'Am7/D', 'D7 ', 'GM7']"
2,"['E', 'A', 'B', 'E', 'A', 'B', 'E', 'A', 'B', 'E', 'A', 'B', 'A', 'D', 'DM7', 'D6', 'DM7', 'D', 'DM7', 'D6', 'DM7', 'D', 'DM7', 'D6', 'DM7', 'Em', 'EmM7', 'Em7', 'A', 'G', 'F#m', 'Bm', 'Gm', 'F#m', 'B7', 'Em', 'E7', 'A', 'A/G', 'A/F#', 'A/E']"
4,"['AM7', 'AM7/B', 'G#m7', 'C#m7', 'F#m7', 'A/B', 'E', 'C#m7', 'A', 'A/B', 'E', 'C#m7', 'A', 'A/B', 'E', 'C#m7', 'A', 'A/B', 'E', 'C#m7', 'A', 'A/B', 'E', 'A', 'B', 'E', 'C#m', 'A', 'B', 'E', 'C#m', 'A', 'B', 'E', 'C#m', 'A', 'B', 'E', 'E', 'AM7', 'B7']"
-5,"['Bbm', 'Ab', 'Db', 'Gb', 'Gb', 'Bbm', 'Ab', 'Db', 'Gb', 'Gb', 'Bbm', 'Ab', 'Db/F', 'Gb', 'Gb', 'Bbm', 'Ab', 'Db', 'Gbadd9', 'Gbadd9', 'Bbm', 'Fm', 'Gb', 'Ab', 'Db', 'Bbm', 'Fm', 'Ebm', 'Fm', 'Bbm', 'Bbm', 'Fm', 'Gb', 'Ab', 'Db', 'Bbm', 'Fm', 'Ebm', 'F7', 'Bbm', 'Ebm']"
2,"['GM9', 'Gm6', 'F#m7', 'Bm', 'GM9', 'A', 'Bm', 'GM9', 'Gm6', 'F#m7', 'A', 'Bm', 'GM9', 'A', 'D', 'GM7', 'F#m7', 'F#7/A#', 'Em7', 'A', 'Bm7', 'GM7', 'A', 'D', 'Bm7', 'GM7', 'Gm', 'F#m7', 'F#7/A#', 'Bm7', 'GM7', 'A', 'Bm7', 'Em7', 'A', 'Bm7', 'GM7', 'A', 'GM9', 'Gm6', 'F#m7']"
-3,"['AbM7', 'Gm7', 'Fm7', 'EbM7', 'Eb7', 'Dm7-5', 'G', 'G7/B', 'Cm', 'Eb/Bb', 'Am7-5', 'Fm7', 'Ab/Bb', 'Eb', 'Abm7', 'Db', 'Eb', 'Abm7', 'Db/Bb', 'Eb', 'Dm7-5', 'G7', 'Cm', 'Bdim', 'Bbm', 'Db/Eb', 'Dm7-5', 'G', 'Cm', 'Eb/Bb', 'Am7-5', 'Fm7', 'Ab/Bb', 'Bb', 'Gm7', 'Cm', 'Fm7', 'Ab/Bb', 'Eb', 'Eb7', 'Dm7-5']"
-5,"['Ebm7/Ab', 'Db6', 'Cm7-5', 'F7', 'Bbm7', 'Am7', 'Abm7', 'Gm7b5', 'Gbadd9', 'Fm7', 'Edim7', 'Ebm7 ', 'Gb6', 'Gbm7', 'Ebm7/Ab', 'GbM7', 'Fm7', 'Edim7', 'Ebm7', 'Ebm7/Ab', 'Bbsus4', 'Bb', 'GbM7 ', 'Fm7', 'Edim7', 'Ebm7', 'Db/F', 'GbM7 ', 'Ebm7/Ab', 'Ab', 'Bbm7', 'GbM7 ', 'Absus4', 'Db', 'Ab/C', 'Bbm7', 'GbM7 ', 'Ab', 'Ab', 'Db6', 'Cm7-5']"
-4,"['Bbm7', 'Bbm7/Eb', 'CM7', 'Cm7', 'Fm7', 'Bbm7', 'Cm7', 'Fm7', 'Fm7', 'Cm7', 'Fm7', 'DbM7', 'C7', 'Fm7', 'Fm7', 'Eb7', 'AbM7', 'Bbm7', 'C7', 'Fm7', 'Bbm7', 'AbM7', 'Bbm7', 'AbM7', 'C7 ', 'Fm', 'Fm7/Eb', 'DbM7', 'Bbm7', 'Cm7', 'Fm7', 'Bbm7', 'Eb7', 'AbM7', 'Fm7', 'Bbm7', 'Eb7', 'AbM7', 'Fm7', 'Cm7', 'Fm7']"
2,"['D', 'Em7', 'F#m', 'Gadd9', 'D', 'Em7', 'F#m', 'Gadd9', 'D', 'Em7', 'F#m', 'Gadd9', 'D', 'Em7', 'F#m', 'Gadd9', 'Em7/A', 'D', 'F#m', 'G', 'Gm', 'F#m', 'Bm', 'Em7', 'Asus4', 'A7', 'D', 'F#m', 'G', 'Gm', 'F#m', 'Bm', 'B7', 'Em7', 'A7sus4', 'D', 'Gm7', 'D/F#', 'Em7-5', 'D', 'F#7']"
1,"['C69', 'Dsus4', 'Em7', 'Bm7', 'CM7', 'D', 'Em', 'D', 'Em', 'D', 'Em', 'D', 'Em', 'D', 'Em', 'D', 'Em', 'D', 'Em', 'D', 'Em', 'D', 'Em7', 'Dsus4', 'C69', 'Dsus4', 'Em7', 'D', 'C69', 'D', 'Em7', 'Dsus4', 'C69', 'Dsus4', 'Em7', 'Dsus4', 'C69', 'D', 'C69', 'Dsus4', 'Em7']"
-3,"['Eb', 'Db', 'Eb', 'Db', 'Eb', 'Gb', 'Ab', 'Gb', 'Eb', 'Db', 'Eb', 'Db', 'Eb', 'Bb', 'Ab', 'Bb', 'Db', 'D', 'Eb', 'Db', 'Eb', 'Db', 'Eb', 'Gb', 'Ab', 'Gb', 'Eb', 'Db', 'Eb', 'Db', 'Eb', 'Db', 'Eb', 'Eb', 'Eb', 'Ab', 'Abm7', 'Gm7', 'Cm7', 'Db', 'Fm7']"
5,"['C#m7', 'D#7', 'G#m', 'F#/G#', 'G#m', 'F#/G#', 'G#m', 'G#m', 'F#/G#', 'G#m', 'D#m7/G#', 'F#/E', 'G#m7/E', 'F#', 'F#6', 'G#m', 'E', 'F#', 'G#m', 'E', 'F#', 'G#m', 'E', 'F#', 'G#m', 'E', 'F#', 'D#7', 'G#m', 'E', 'C#m', 'F#', 'D#/G', 'G#m', 'E', 'C#m', 'F#', 'D#/G', 'D#', 'E', 'B']"
2,"['DM7', 'D/C#', 'Bm7', 'F#m7', 'GM7', 'F#m7', 'Em7', 'A7 ', 'A7', 'DM7', 'A/C#', 'Bm7', 'F#m7', 'G', 'A', 'F#m7', 'Bm7', 'Em7', 'C', 'A', 'D', 'A/C#', 'Bm7', 'F#m7', 'G', 'A', 'F#m7', 'Bm7', 'Em7', 'A', 'Dsus4', 'D', 'Em7', 'A', 'F#m7', 'Bm7', 'Em7', 'A#', 'E7', 'A', 'D']"
5,"['EM9', 'BM7/F#', 'B', 'G#m7', 'EM9', 'BM7/F#', 'B', 'G#m7', 'EM9', 'EM9', 'EM9', 'EM9', 'EM9/F#', 'B', 'B', 'BM7', 'B', 'EM9', 'EM9+11', 'EM9', 'EM9+11', 'EM9/C#', 'F#sus4', 'F#', 'B', 'B', 'BM7', 'B', 'EM9', 'EM9+11', 'EM9', 'EM9+11', 'EM9/C#', 'F#sus4', 'F#', 'B', 'BM7', 'EM9', 'BM7/F#', 'B', 'G#m7']"
0,"['Am', 'Am/E', 'Am/C', 'Am', 'Dm', 'Dm/A', 'Dm/F', 'Dm', 'Am', 'Bsus4', 'Am/C', 'Dm6', 'Dm6/C', 'Dm6/B', 'Dm6/A', 'E', 'E/D', 'E/C', 'E/B', 'Am', 'Am/E', 'Am', 'Am/C', 'E', 'E/D', 'E/C', 'E/B', 'Am', 'Am/E', 'Am', 'Am/E', 'Am', 'Am/E', 'Am', 'F', 'F/C', 'F', 'F', 'G', 'G/D', 'C']"
1,"['G', 'G/B', 'C', 'D7', 'G', 'G/B', 'C', 'D7', 'G', 'G/B', 'C', 'D7', 'G', 'G/B', 'C', 'D7', 'G', 'G/B', 'C', 'Dsus4', 'B/D#', 'Em', 'Am', 'G/B', 'C', 'D7', 'G', 'G/B', 'C', 'D7', 'B/D#', 'Em', 'Eb', 'Dm7', 'Cm7', 'D7', 'C', 'Dsus4', 'Em', 'C', 'Dsus4']"
-1,"['Am', 'BbM7', 'Am', 'BbM7', 'Am', 'BbM7', 'Am', 'A7/C#', 'Dm7', 'C6', 'A7/C#', 'Dm7', 'C6', 'A7/C#', 'Dm', 'Dm7/C', 'BbM7', 'FM7', 'Eb', 'Dm', 'F/C', 'E7/B', 'A', 'A7/C#', 'Dm', 'C6', 'BbM7', 'Am7', 'A7/C#', 'Dm', 'C6', 'BbM7', 'Am7', 'Bb6', 'A7', 'BbM7', 'A7', 'A7/C#', 'Dm', 'Dm7/C', 'BbM7']"
5,"['B', 'B', 'G#m', 'E', 'D#m', 'E', 'B', 'G#m', 'E', 'D#m', 'E', 'E', 'D#m', 'E', 'G#m', 'C#', 'F#', 'B', 'G#m', 'E', 'F#', 'E', 'D#m', 'G#m', 'B', 'B', 'B', 'G#m', 'E', 'D#m', 'E', 'B', 'G#m', 'E', 'D#m', 'E', 'E', 'D#m', 'E', 'G#m', 'C#']"
0,"['C', 'Dm/C', 'Em/C', 'F/C', 'C', 'Dm/C', 'Em/C', 'Dm/C', 'C', 'Dm/C', 'Em/C', 'F/C', 'C', 'Dm/C', 'Em/C', 'Dm/C', 'C', 'Em7', 'Am7', 'Em7', 'Dm7', 'G7', 'CM7', 'Am7', 'Dm7', 'G7', 'C', 'Dm/C', 'Em/C', 'F/C', 'C', 'Dm/C', 'Em/C', 'Dm/C', 'C', 'Em7', 'Am7', 'Em7', 'Dm7', 'G7', 'CM7']"
1,"['G/B', 'Cadd9', 'Dsus4', 'Em7', 'G/B', 'Cadd9', 'Dsus4', 'G', 'G/B', 'Cadd9', 'Dsus4', 'Em7', 'G/B', 'Cadd9', 'Dsus4', 'G', 'G/B', 'Cadd9', 'Dsus4', 'Em7', 'G/B', 'Cadd9', 'Dsus4', 'G', 'G/B', 'Cadd9', 'Dsus4', 'Em7', 'G/B', 'Cadd9', 'Dsus4', 'G', 'G/B', 'Cadd9', 'Dsus4', 'Em7', 'G/B', 'Cadd9', 'Dsus4', 'G', 'G/B']"
-5,"['Absus4', 'Absus4', 'Absus4', 'Absus4', 'Ab', 'Bbm', 'Cb', 'Ab/C', 'DbM7', 'Dbaug/G', 'GbM7', 'GbmM7', 'Fm7', 'Bb7 ', 'Bb7', 'Ebm7', 'Ebm7', 'Absus4', 'DbM7', 'Ebm7', 'Fm7', 'Bb7sus4', 'Bbm7', 'Ebm7', 'Ebm7/Ab', 'DbM7', 'Ebm7', 'Absus4', 'DbM7', 'Gbm6', 'Fm7', 'Bb7sus4', 'Bb7', 'Ebm7', 'Ebm7/Ab', 'Dbsus4', 'Db', 'Fm7', 'Bbm', 'Ebm7', 'Ab']"
3,"['F#m', 'Bm6/D', 'F#m', 'Bm6/D', 'F#m', 'Bm6/D', 'F#m', 'Bm6/D', 'F#m', 'Bm6/F#', 'F#m', 'Bm6/D', 'F#m', 'Bm6/F#', 'F#m', 'Bm6/D', 'F#m7 ', 'Em69', 'DM7', 'C#m7', 'DM7', 'Bm', 'C#7sus4', 'C#7', 'F#m', 'E69', 'Bm7', 'D', 'C#7 ', 'F#m', 'C#', 'F#m/C#', 'C#7', 'F#m', 'E69', 'Bm7', 'D', 'C#7 ', 'F#m', 'Bm7', 'C#m7']"
4,"['Eadd9', 'G#m', 'A', 'B', 'A', 'B/G#', 'E', 'G#m', 'A', 'B', 'E', 'E/G#', 'A', 'B', 'E', 'E/G#', 'A', 'B', 'E', 'G#', 'C#m', 'B6', 'F#/A#', 'F#', 'A', 'B', 'G#m', 'C#', 'F#m', 'F#/A#', 'Bsus4', 'E', 'G#', 'C#m', 'B', 'F#/A#', 'F#', 'A', 'B', 'G#m', 'C#']"
-5,"['F7', 'BbM7', 'DbM7', 'GbM7', 'F7', 'Faug/B', 'BbM7', 'DbM7', 'GbM7', 'Cb7', 'Abaug/D', 'DbM7', 'Dbaug/G', 'GbM7', 'Bbbaug/Cb', 'Fm7', 'Bbm7-5 /Fb', 'Ebm7 ', 'GbM7/Ab', 'Abaug/D', 'DbM7', 'Dbaug/G', 'GbM7 ', 'Bbbaug/Cb', 'Fm7', 'Bb7 ', 'Ebm7', 'Ebm7/Ab', 'DbM7', 'Ddim7', 'Ebm7 ', 'F7/Ab', 'BbM7 ', 'Fm7 ', 'Ebbaug/Fb', 'Ebm7 ', 'Gbm7 ', 'GbM7/Cb', 'Ab/C', 'F7 ', 'BbM7']"
-3,"['Ab', 'Ab', 'Ab', 'Eb', 'Ab', 'Bb', 'Cm', 'Ab', 'Bb', 'Cm', 'Ab', 'Bb', 'Cm', 'Fm7', 'Gm7', 'Abm', 'Bbm', 'Eb', 'Ab', 'Eb/G', 'Ab', 'Eb', 'Fm7', 'Bb', 'Bdim', 'Cm', 'CmM7/B', 'Cm7/Bb', 'F/A', 'Fm7', 'Gm7', 'Ab', 'Ab', 'Eb', 'Ab', 'Eb/G', 'Eb/G', 'Ab', 'Eb', 'Fm7', 'Bb']"
5,"['G#m/B', 'A9 ', 'C#m9', 'D#7 ', 'G#m7', 'B9', 'Fm7-5', 'EM7', 'A#m7-5', 'D#7', 'C#m9', 'D#7 ', 'G#m7', 'B9', 'Fm7-5', 'EM7', 'D#aug7 ', 'C#m9', 'D#7 ', 'G#m7', 'B7', 'Fm7-5', 'EM7', 'A#m7-5', 'D#7', 'A#', 'C#m9', 'D#7 ', 'G#m7', 'B7', 'Fm7-5', 'EM7', 'D#7 ', 'G#', 'C#m9', 'D#7 ', 'G#m7', 'B9', 'Fm7-5', 'EM7', 'A#m7-5']"
-4,"['Ab/C', 'Dbadd9', 'Ab/C', 'Dbadd9', 'Bbm7 ', 'Ab/C', 'Ab/C', 'Eb', 'Fm7', 'Dbadd9', 'Ebsus4', 'Ab', 'Fm7', 'Dbadd9', 'Ebsus4', 'Ab', 'Eb/G', 'Fm7', 'Cm7', 'Dbadd9', 'Ebsus4', 'Eb', 'Dbadd9', 'Ebsus4', 'Ab', 'Fm7', 'Dbadd9', 'Ab', 'Edim7', 'Fm7', 'Dbadd9', 'Ebsus4', 'Ab', 'Fm7', 'Dbadd9', 'Ab/C', 'Abm6/B', 'Bb7sus4', 'Ebsus4', 'Dbadd9', 'Eb']"
4,"['E', 'A/E', 'B/E', 'E', 'B/D#', 'C#m', 'G#m/B', 'A', 'A', 'B', 'Esus4', 'Esus4', 'E', 'Esus4', 'E', 'E', 'G#m', 'A', 'B', 'E', 'E', 'B/D#', 'C#m', 'G#m', 'A', 'B', 'E', 'E', 'G#m', 'A', 'B', 'E', 'E', 'B/D#', 'C#m', 'G#m', 'A', 'B', 'E', 'B', 'C#m']"
-6,"['D#m', 'Badd9', 'C#sus4', 'C#sus4', 'C#', 'D#m', 'Badd9', 'G#m', 'A#m', 'Badd9', 'C#', 'D#m', 'Badd9', 'C#', 'F#', 'D#m', 'Badd9', 'C#', 'F#', 'D#m', 'Badd9', 'C#', 'F#', 'D#m', 'Badd9', 'C#', 'D#m', 'Badd9', 'G#m', 'A#m', 'Badd9', 'C#', 'D#m', 'Badd9', 'G#m', 'A#m', 'Badd9', 'C#', 'Badd9', 'C#', 'D#m']"
3,"['Bm7', 'C#7 ', 'F#M7', 'Bm7', 'E7 ', 'AM7', 'C#7sus4', 'C#7', 'F#m', 'E69', 'DM7', 'C#7sus4', 'C#m7', 'Bm7', 'C#7', 'F#m7', 'E', 'C#7/G#', 'F#m', 'E69', 'DM7', 'C#7sus4', 'C#m7', 'Bm7', 'G#m7-5', 'C#7sus4', 'C#7', 'Bm', 'E7', 'E7/D', 'C#m', 'F#m', 'Bm', 'G#7', 'C#7', 'C#7', 'Bm7', 'E7', 'AM7', 'F#m7', 'Bm7']"
4,"['E', 'B/D#', 'A/C#', 'Bsus4', 'B', 'E', 'E', 'E/D#', 'E/C#', 'E/B', 'AM7', 'G#', 'G#/B#', 'C#sus4', 'C#m/B', 'C#m/A', 'E/G#', 'F#', 'F#/E', 'F#/D#', 'F#/C#', 'A/B', 'B7', 'E', 'E/D#', 'E/C#', 'E/B', 'AM7', 'G#', 'G#/B#', 'C#sus4', 'C#m/B', 'C#m/A', 'E/G#', 'F#', 'F#/E', 'F#/D#', 'F#/C#', 'A/B', 'B7', 'F#m7']"
1,"['CM9', 'B7 ', 'Bm7/E', 'Em7', 'G7/F', 'CM9', 'B7 ', 'Bm7/E', 'Em7', 'G7/F', 'CM9', 'B7 ', 'Bm7/E', 'Em7', 'G7/F', 'CM9', 'B7 ', 'Bm7/E', 'Em7', 'G7/F', 'CM9', 'B7 ', 'Bm7/E', 'Em7', 'G7/F', 'CM9', 'B7 ', 'Bm7/E', 'Em7', 'G7/F', 'CM9', 'B7 ', 'Em9', 'Dm7', 'G7', 'Am7', 'Bm7', 'E9', 'EM9', 'CM9', 'B7 ']"
1,"['G', 'D/F#', 'B', 'Em', 'Bm/D', 'Bm', 'C', 'G/B', 'A', 'G/D', 'D', 'C', 'Cm', 'G/B', 'Cadd9', 'D', 'Em', 'G/B', 'Cadd9', 'D', 'G', 'G/B', 'Cadd9', 'D', 'Em', 'G/B', 'Cadd9', 'D', 'G', 'B', 'Em', 'Bm', 'C', 'G', 'D/F#', 'Em', 'Bm', 'C', 'D', 'G', 'D']"
